{"same_epsg": [-1.0, 1.0, -1.0, 1.0], "different_epsg": [-111325.14286638526, 111325.14286638486, -111319.49079327357, 111319.49079327357]}